{"Serialize LoginViewModel AOT_LoadConverters": 0.7544145534506302, "Serialize LoginViewModel AOT_Raw": 0.2508976620317054, "Serialize LoginViewModel Default": 0.28507524635807513, "Serialize LoginViewModel Utf8Json": 0.3922894358672423}